Date,Incident Type,State,LSTM Predictions,XGBoost Predictions,Hybrid Predictions,Latitude,Longitude,yhat,yhat_lower,yhat_upper
1/1/25,Fire,AZ,1.7777091,2.0014427,1.889576,40.3936294,47.7872508,0.6000879483566272,-0.818498615,1.9618334016003112
2/1/25,Fire,AZ,1.8030715,2.0014427,1.9022571,40.3936294,47.7872508,-3.496069825,-4.942626421,-2.120096942
3/1/25,Fire,AZ,1.8303697,2.0014427,1.9159062,40.3936294,47.7872508,-4.894242268,-6.329510628,-3.550119683
4/1/25,Fire,AZ,1.8303276,2.0014427,1.9158852,40.3936294,47.7872508,0.9423860070310424,-0.413212457,2.410526113
5/1/25,Fire,AZ,1.8367968,2.0014427,1.9191197,40.3936294,47.7872508,0.9881084568739069,-0.388883702,2.337628880098785
6/1/25,Fire,AZ,1.8711526,4.973557,3.4223547,40.3936294,47.7872508,2.410095713012404,1.0416276481277846,3.8482872486747457
7/1/25,Fire,AZ,1.8757849,1.7648139,1.8202994,40.3936294,47.7872508,1.2943853938510284,-0.040227926,2.6040892417451476
8/1/25,Fire,AZ,1.8798561,1.7847044,1.8322803,40.3936294,47.7872508,1.3199261052159317,-0.057828527,2.6703233220152485
9/1/25,Fire,AZ,1.883007,1.7847044,1.8338557,40.3936294,47.7872508,-1.996131009,-3.436390584,-0.578082224
10/1/25,Fire,AZ,1.8858844,1.7847044,1.8352945,40.3936294,47.7872508,0.8439160697784147,-0.565216356,2.188138884911286
11/1/25,Fire,AZ,1.8881253,1.7847044,1.8364148,40.3936294,47.7872508,,,
12/1/25,Fire,AZ,1.8890469,1.7847044,1.8368757,40.3936294,47.7872508,,,
1/1/25,Fire,CA,3.8220725,3.941748,3.8819103,61.0666922,-107.991707,3.1536934323288768,-2.850314783,9.569094425867437
2/1/25,Fire,CA,3.6867127,2.146632,2.9166722,61.0666922,-107.991707,2.361957877823292,-4.10763934,8.723928436643355
3/1/25,Fire,CA,3.6461754,2.146632,2.8964038,61.0666922,-107.991707,1.6341902978753824,-4.903436952,8.214955304875305
4/1/25,Fire,CA,3.8064508,2.146632,2.9765415,61.0666922,-107.991707,2.4146504652257663,-4.61090607,8.785029505348424
5/1/25,Fire,CA,3.9494824,2.1599534,3.054718,61.0666922,-107.991707,2.6084446301152453,-3.487636366,8.901275050994373
6/1/25,Fire,CA,3.9431984,2.187838,3.0655184,61.0666922,-107.991707,4.966848023704442,-0.826475476,11.212296177344314
7/1/25,Fire,CA,3.9511316,2.0842686,3.0177002,61.0666922,-107.991707,4.502457837954209,-1.812070517,10.038050415624335
8/1/25,Fire,CA,3.9674084,8.097975,6.0326915,61.0666922,-107.991707,7.239696769,0.9581517046623133,14.15368920805088
9/1/25,Fire,CA,3.9851048,8.075414,6.030259,61.0666922,-107.991707,5.4876404874938665,-0.487619316,12.025112347133629
10/1/25,Fire,CA,3.9942982,23.876017,13.935158,61.0666922,-107.991707,8.294229605632918,1.9099768669388892,14.341633087636051
11/1/25,Fire,CA,3.9967418,11.188139,7.5924406,61.0666922,-107.991707,5.623910467448676,-0.775701949,11.90825554326788
12/1/25,Fire,CA,3.9998252,11.035395,7.51761,61.0666922,-107.991707,3.887340129877587,-1.984561084,10.572789083079662
1/1/25,Fire,CO,4.512963,1.0416754,2.7773192,4.099917,-72.9088133,0.4485609609317416,-11.93803428,12.008839497894915
2/1/25,Fire,CO,4.4796095,1.0416754,2.7606425,4.099917,-72.9088133,50.87366400584958,38.33889523920156,62.85195929142154
3/1/25,Fire,CO,4.408878,0.898338,2.6536078,4.099917,-72.9088133,-0.453007844,-12.5135362,12.285015834148991
4/1/25,Fire,CO,4.313573,2.907135,3.610354,4.099917,-72.9088133,-1.017410282,-12.77847749,10.637546884297741
5/1/25,Fire,CO,4.2492867,4.1403527,4.1948195,4.099917,-72.9088133,-0.721200727,-12.53071801,11.298249192962322
6/1/25,Fire,CO,4.1038237,4.1403527,4.1220884,4.099917,-72.9088133,6.579362886733351,-6.109626487,19.560974227858004
7/1/25,Fire,CO,4.116559,1.01776,2.5671597,4.099917,-72.9088133,0.21438721481392609,-11.57029132,12.850032029254677
8/1/25,Fire,CO,4.130823,1.01776,2.5742917,4.099917,-72.9088133,-1.683073421,-13.62486477,9.724459922729437
9/1/25,Fire,CO,4.1431875,1.0157986,2.579493,4.099917,-72.9088133,,,
10/1/25,Fire,CO,4.1513567,1.0139799,2.5826683,4.099917,-72.9088133,,,
11/1/25,Fire,CO,4.1560736,1.0130706,2.584572,4.099917,-72.9088133,,,
12/1/25,Fire,CO,4.15405,1.0130706,2.5835602,4.099917,-72.9088133,,,
1/1/25,Fire,MT,6.310139,1.6318569,3.970998,35.8885993,14.4476911,-5.285882261,-19.44482655,8.121992352872276
2/1/25,Fire,MT,6.2665906,1.6318569,3.9492238,35.8885993,14.4476911,-50.65554659,-64.05153735,-36.83042691
3/1/25,Fire,MT,6.0570836,1.6318569,3.8444703,35.8885993,14.4476911,-60.72179411,-74.64641157,-46.57362006
4/1/25,Fire,MT,5.8615203,1.6318569,3.7466886,35.8885993,14.4476911,-18.38318632,-31.69230351,-4.214044381
5/1/25,Fire,MT,5.6154323,1.6318569,3.6236446,35.8885993,14.4476911,61.96111900407485,49.49067418163113,75.74364266742741
6/1/25,Fire,MT,5.4331493,1.6318569,3.5325031,35.8885993,14.4476911,0.6961433445214884,-12.60704129,15.554240664241465
7/1/25,Fire,MT,5.468269,1.0369956,3.2526321,35.8885993,14.4476911,0.9872134859630752,-11.2235797,14.439877551903725
8/1/25,Fire,MT,5.505621,1.9824975,3.744059,35.8885993,14.4476911,,,
9/1/25,Fire,MT,5.5334535,9.581794,7.557624,35.8885993,14.4476911,,,
10/1/25,Fire,MT,5.550581,9.581794,7.5661874,35.8885993,14.4476911,,,
11/1/25,Fire,MT,5.5544252,9.581794,7.5681095,35.8885993,14.4476911,,,
12/1/25,Fire,MT,5.5488544,9.581794,7.565324,35.8885993,14.4476911,,,
1/1/25,Fire,NM,3.6425576,1.5852689,2.6139133,34.5802074,-105.996047,0.9072351422530649,-8.938590075,10.862874335883197
2/1/25,Fire,NM,3.5375018,1.5191859,2.528344,34.5802074,-105.996047,-2.422707594,-12.00097318,7.481093835601916
3/1/25,Fire,NM,3.4975686,1.2968339,2.3972013,34.5802074,-105.996047,0.7364142247574628,-9.784998743,10.247749303607362
4/1/25,Fire,NM,3.5570107,1.7398812,2.6484458,34.5802074,-105.996047,1.9473366611745297,-7.79572436,12.062040454174738
5/1/25,Fire,NM,3.635468,1.6093903,2.6224291,34.5802074,-105.996047,7.421429701224443,-2.220821342,16.973179338639245
6/1/25,Fire,NM,3.774421,1.9871134,2.880767,34.5802074,-105.996047,2.488947532077921,-7.525274115,12.862416315930423
7/1/25,Fire,NM,3.7620125,1.0025481,2.3822803,34.5802074,-105.996047,,,
8/1/25,Fire,NM,3.7481108,0.98415935,2.3661351,34.5802074,-105.996047,,,
9/1/25,Fire,NM,3.7381768,0.98415935,2.3611681,34.5802074,-105.996047,,,
10/1/25,Fire,NM,3.7336853,0.98415935,2.3589222,34.5802074,-105.996047,,,
11/1/25,Fire,NM,3.733065,1.376277,2.5546708,34.5802074,-105.996047,,,
12/1/25,Fire,NM,3.7346728,1.376277,2.5554748,34.5802074,-105.996047,,,
1/1/25,Fire,NV,1.689773,0.99662936,1.3432012,39.5158825,-116.853722,0.63402885,-0.475419921,1.8029637714874176
2/1/25,Fire,NV,1.6496876,0.99662936,1.3231585,39.5158825,-116.853722,2.190431684697474,1.1205604177967297,3.3471635319665882
3/1/25,Fire,NV,1.6743679,0.99662936,1.3354986,39.5158825,-116.853722,1.351995683,0.25837881893389614,2.513278952581902
4/1/25,Fire,NV,1.706842,0.99662936,1.3517356,39.5158825,-116.853722,-2.666362529,-3.832070037,-1.497817419
5/1/25,Fire,NV,1.7436584,0.99662936,1.3701439,39.5158825,-116.853722,1.0616556140119937,-0.034544008,2.2658718869828323
6/1/25,Fire,NV,1.7820809,0.9968773,1.3894792,39.5158825,-116.853722,1.398058421,0.2330580114715494,2.525261705580723
7/1/25,Fire,NV,1.7849591,1.0092653,1.3971121,39.5158825,-116.853722,1.8927635206868705,0.7467921133271663,3.0602437358009453
8/1/25,Fire,NV,1.7913625,1.9969015,1.894132,39.5158825,-116.853722,1.719322368334957,0.553786798,2.862788295996756
9/1/25,Fire,NV,1.7972414,2.0169234,1.9070824,39.5158825,-116.853722,1.0132114043476554,-0.100907958,2.1627618988890567
10/1/25,Fire,NV,1.8018179,2.0169234,1.9093707,39.5158825,-116.853722,1.6829132205411006,0.5537776682193619,2.831674741626831
11/1/25,Fire,NV,1.8046784,1.9833246,1.8940015,39.5158825,-116.853722,1.0110537011702276,-0.160636862,2.084370976106989
12/1/25,Fire,NV,1.8056982,1.9833246,1.8945115,39.5158825,-116.853722,,,
1/1/25,Fire,OK,8.070046,1.0280803,4.549063,64.5994621,-20.8788186,56.70678632592676,41.32622144969946,72.74573333205477
2/1/25,Fire,OK,7.7097974,1.0106283,4.360213,64.5994621,-20.8788186,5.272286426110294,-9.437772945,20.840692410527378
3/1/25,Fire,OK,7.359245,1.0813463,4.2202954,64.5994621,-20.8788186,6.528665719397637,-7.806594489,22.488113841449067
4/1/25,Fire,OK,6.8016577,0.83253413,3.817096,64.5994621,-20.8788186,7.394283163,-7.699487579,21.742545302076277
5/1/25,Fire,OK,6.281293,0.69527835,3.4882855,64.5994621,-20.8788186,4.632469344196462,-10.7247263,19.909279915379628
6/1/25,Fire,OK,5.991016,-0.10621945,2.9423983,64.5994621,-20.8788186,8.794272766,-5.08404797,24.82320240500767
7/1/25,Fire,OK,6.1469407,0.7482631,3.4476018,64.5994621,-20.8788186,6.687442035440356,-7.789586744,22.269694772716047
8/1/25,Fire,OK,6.280721,7.5823236,6.9315224,64.5994621,-20.8788186,14.318097565478691,0.063611794,30.213159875208365
9/1/25,Fire,OK,6.3782253,0.91747236,3.6478488,64.5994621,-20.8788186,10.118007346068401,-4.930608987,24.60575635057725
10/1/25,Fire,OK,6.4187427,0.91747236,3.6681075,64.5994621,-20.8788186,0.8076783592554282,-14.8421504,17.08024832653078
11/1/25,Fire,OK,6.4090633,1.2150791,3.8120713,64.5994621,-20.8788186,,,
12/1/25,Fire,OK,6.374209,2.3115735,4.342891,64.5994621,-20.8788186,,,
1/1/25,Fire,OR,1.7275335,2.005075,1.8663042,43.9792797,-120.737257,4.997090297939678,-2.363253421,12.014573005371005
2/1/25,Fire,OR,1.617524,2.005075,1.8112996,43.9792797,-120.737257,-126.6475307,-134.0377386,-119.5252966
3/1/25,Fire,OR,1.7086285,2.005075,1.8568518,43.9792797,-120.737257,-23.91599475,-31.00981792,-16.35633117
4/1/25,Fire,OR,1.6876352,2.005075,1.8463551,43.9792797,-120.737257,90.39606525699806,83.30213863802719,98.22452823531046
5/1/25,Fire,OR,1.700686,2.005075,1.8528805,43.9792797,-120.737257,88.16137038121695,80.81149511761421,95.26684751
6/1/25,Fire,OR,1.7473369,2.005075,1.8762059,43.9792797,-120.737257,1.5994124689560714,-5.589206308,8.662831489170138
7/1/25,Fire,OR,1.7487626,2.005075,1.8769188,43.9792797,-120.737257,5.821271027189848,-0.846173189,13.647338469125215
8/1/25,Fire,OR,1.7480283,2.005075,1.8765516,43.9792797,-120.737257,2.844734142884489,-3.981142138,9.529973029564701
9/1/25,Fire,OR,1.7482046,49.720894,25.734549,43.9792797,-120.737257,8.359873630318166,1.117575678164247,15.60985477908284
10/1/25,Fire,OR,1.7476397,49.720894,25.734266,43.9792797,-120.737257,-25.58814304,-32.6304594,-18.68001321
11/1/25,Fire,OR,1.746971,49.720894,25.733932,43.9792797,-120.737257,223.7036307863051,217.16445661686316,230.63763726164382
12/1/25,Fire,OR,1.7469453,49.720894,25.73392,43.9792797,-120.737257,-34.26032701,-40.90021271,-26.87429173
1/1/25,Fire,TX,39.322468,246.18413,142.7533,31.2638905,-98.5456116,113.37278808466257,55.17957791710052,169.7238221386583
2/1/25,Fire,TX,33.690304,4.0181203,18.854212,31.2638905,-98.5456116,-11.51952359,-65.72743591,47.02917470184014
3/1/25,Fire,TX,27.519554,3.1561515,15.3378525,31.2638905,-98.5456116,,,
4/1/25,Fire,TX,22.463526,32.47176,27.467644,31.2638905,-98.5456116,,,
5/1/25,Fire,TX,19.504713,6.925856,13.215284,31.2638905,-98.5456116,,,
6/1/25,Fire,TX,18.167467,11.663132,14.915299,31.2638905,-98.5456116,,,
7/1/25,Fire,TX,21.628632,121.48714,71.557884,31.2638905,-98.5456116,,,
8/1/25,Fire,TX,23.596016,3.3839388,13.489977,31.2638905,-98.5456116,,,
9/1/25,Fire,TX,24.076923,3.9429615,14.009942,31.2638905,-98.5456116,,,
10/1/25,Fire,TX,23.611423,16.435255,20.023338,31.2638905,-98.5456116,,,
11/1/25,Fire,TX,22.83642,16.668747,19.752583,31.2638905,-98.5456116,,,
12/1/25,Fire,TX,22.154648,17.346764,19.750706,31.2638905,-98.5456116,,,
1/1/25,Fire,WA,3.0256937,2.006359,2.5160265,-25.2303005,121.0187246,-102.3400011,-106.5205096,-98.06856875
2/1/25,Fire,WA,3.006692,2.006359,2.5065255,-25.2303005,121.0187246,12.250713518477541,8.212205181498923,16.343053888232898
3/1/25,Fire,WA,2.9964633,2.006359,2.5014112,-25.2303005,121.0187246,-2.678419382,-6.843299043,1.5631193704550184
4/1/25,Fire,WA,2.9079823,2.006359,2.4571707,-25.2303005,121.0187246,190.0605242697083,185.91223818373734,194.17649233906184
5/1/25,Fire,WA,2.9905143,2.006359,2.4984367,-25.2303005,121.0187246,1.5475401651061604,-2.575312644,5.558474398997982
6/1/25,Fire,WA,3.0565867,2.006359,2.531473,-25.2303005,121.0187246,1.755257176,-2.400868898,5.9810663339580055
7/1/25,Fire,WA,3.0550258,2.006359,2.5306926,-25.2303005,121.0187246,3.767008291583717,-0.338844133,7.854322364183258
8/1/25,Fire,WA,3.056334,3.0035732,3.0299535,-25.2303005,121.0187246,4.865148325889044,0.5264145982303028,8.728442338656043
9/1/25,Fire,WA,3.059368,8.964211,6.01179,-25.2303005,121.0187246,4.211142915,0.12762674898116655,8.537317406014218
10/1/25,Fire,WA,3.0648654,8.964211,6.0145383,-25.2303005,121.0187246,-1.416489444,-5.793930585,2.624954933898989
11/1/25,Fire,WA,3.0672271,8.964211,6.0157194,-25.2303005,121.0187246,3.6935117702957263,-0.37683499,7.830559829481163
12/1/25,Fire,WA,3.0675359,8.964211,6.015874,-25.2303005,121.0187246,,,
1/1/25,Flood,CA,-5.811467,5.0017653,-0.40485096,61.0666922,-107.991707,51.16509724121901,35.06922593099124,69.13993205603376
2/1/25,Flood,CA,-1.972997,5.0017653,1.5143842,61.0666922,-107.991707,48.59469465368293,33.380749693075344,64.41219744609249
3/1/25,Flood,CA,2.791146,2.7663484,2.778747,61.0666922,-107.991707,,,
4/1/25,Flood,CA,8.366801,2.7663484,5.566575,61.0666922,-107.991707,,,
5/1/25,Flood,CA,10.181527,2.7665231,6.4740252,61.0666922,-107.991707,,,
6/1/25,Flood,CA,9.183206,2.7665231,5.9748645,61.0666922,-107.991707,,,
7/1/25,Flood,CA,7.9892755,2.7665231,5.377899,61.0666922,-107.991707,,,
8/1/25,Flood,CA,7.3069935,2.3601322,4.833563,61.0666922,-107.991707,,,
9/1/25,Flood,CA,7.08971,2.3601322,4.724921,61.0666922,-107.991707,,,
10/1/25,Flood,CA,7.245783,2.3601322,4.8029575,61.0666922,-107.991707,,,
11/1/25,Flood,CA,7.467364,2.3601322,4.913748,61.0666922,-107.991707,,,
12/1/25,Flood,CA,7.578492,4.4894943,6.0339932,61.0666922,-107.991707,,,
1/1/25,Flood,ND,20.933197,5.9924207,13.462809,,,,,
2/1/25,Flood,ND,22.09081,5.9924207,14.0416155,,,,,
3/1/25,Flood,ND,22.330996,5.9924207,14.161708,,,,,
4/1/25,Flood,ND,22.780844,6.094838,14.437841,,,,,
5/1/25,Flood,ND,23.043383,17.136055,20.089718,,,,,
6/1/25,Flood,ND,23.232986,17.161556,20.197271,,,,,
7/1/25,Flood,ND,23.474066,17.206142,20.340103,,,,,
8/1/25,Flood,ND,23.602985,17.206142,20.404564,,,,,
9/1/25,Flood,ND,23.729008,17.206142,20.467575,,,,,
10/1/25,Flood,ND,23.820292,17.206142,20.513218,,,,,
11/1/25,Flood,ND,23.896128,17.206142,20.551136,,,,,
12/1/25,Flood,ND,23.962189,17.206142,20.584166,,,,,
1/1/25,Flood,TX,25.628025,12.941538,19.284782,31.2638905,-98.5456116,31.246438461889607,16.748291212916072,47.15323166155885
2/1/25,Flood,TX,38.80113,12.941538,25.871334,31.2638905,-98.5456116,24.45573105173817,8.962044204264462,40.13772959976641
3/1/25,Flood,TX,39.374302,12.931802,26.153051,31.2638905,-98.5456116,33.00245162347535,17.79235716914347,48.080998700421674
4/1/25,Flood,TX,56.63489,40.849003,48.741947,31.2638905,-98.5456116,27.673833383894213,11.803345653329387,42.2409903
5/1/25,Flood,TX,77.159836,40.858353,59.009094,31.2638905,-98.5456116,48.93174911746773,34.539775736382126,62.940233697072536
6/1/25,Flood,TX,61.532604,40.858353,51.19548,31.2638905,-98.5456116,,,
7/1/25,Flood,TX,79.4605,40.858353,60.159428,31.2638905,-98.5456116,,,
8/1/25,Flood,TX,95.86576,45.422188,70.643974,31.2638905,-98.5456116,,,
9/1/25,Flood,TX,119.30934,45.422188,82.36577,31.2638905,-98.5456116,,,
10/1/25,Flood,TX,141.69188,45.422188,93.55704,31.2638905,-98.5456116,,,
11/1/25,Flood,TX,162.04825,54.005928,108.027084,31.2638905,-98.5456116,,,
12/1/25,Flood,TX,205.46255,64.66544,135.064,31.2638905,-98.5456116,,,
1/1/25,Flood,WA,9.738298,23.898584,16.818441,-25.2303005,121.0187246,,,
2/1/25,Flood,WA,9.653676,23.898584,16.77613,-25.2303005,121.0187246,,,
3/1/25,Flood,WA,9.644028,12.320484,10.982256,-25.2303005,121.0187246,,,
4/1/25,Flood,WA,9.252425,12.975496,11.11396,-25.2303005,121.0187246,,,
5/1/25,Flood,WA,8.965386,12.975496,10.970442,-25.2303005,121.0187246,,,
6/1/25,Flood,WA,8.532467,1.0375726,4.78502,-25.2303005,121.0187246,,,
7/1/25,Flood,WA,8.46126,1.0375726,4.7494164,-25.2303005,121.0187246,,,
8/1/25,Flood,WA,8.394779,1.0375726,4.716176,-25.2303005,121.0187246,,,
9/1/25,Flood,WA,8.338071,1.0375726,4.687822,-25.2303005,121.0187246,,,
10/1/25,Flood,WA,8.299575,1.0375726,4.668574,-25.2303005,121.0187246,,,
11/1/25,Flood,WA,8.274246,18.930746,13.602496,-25.2303005,121.0187246,,,
12/1/25,Flood,WA,8.2620325,7.009464,7.635748,-25.2303005,121.0187246,,,
1/1/25,Flood,WV,11.217112,7.451864,9.334488,38.4758406,-80.8408415,6.544243746080355,-1.691387671,14.894547379843736
2/1/25,Flood,WV,11.471382,6.9347744,9.203078,38.4758406,-80.8408415,10.88190725766114,2.432894558,19.3286962
3/1/25,Flood,WV,11.693188,4.884131,8.288659,38.4758406,-80.8408415,11.829086725920014,3.5958810180567657,19.81359602249806
4/1/25,Flood,WV,11.898467,4.7678246,8.333146,38.4758406,-80.8408415,12.629166911005306,3.9490680846112554,20.874872688038707
5/1/25,Flood,WV,11.976454,4.0368257,8.0066395,38.4758406,-80.8408415,14.315798579489865,5.627169539904005,22.403409886441075
6/1/25,Flood,WV,11.974983,4.1344204,8.054702,38.4758406,-80.8408415,,,
7/1/25,Flood,WV,11.994146,2.0758288,7.0349874,38.4758406,-80.8408415,,,
8/1/25,Flood,WV,12.005705,2.576476,7.2910905,38.4758406,-80.8408415,,,
9/1/25,Flood,WV,12.01161,2.7422462,7.3769283,38.4758406,-80.8408415,,,
10/1/25,Flood,WV,12.013939,2.7422462,7.378093,38.4758406,-80.8408415,,,
11/1/25,Flood,WV,12.01509,6.89837,9.45673,38.4758406,-80.8408415,,,
12/1/25,Flood,WV,12.015977,3.4801946,7.748086,38.4758406,-80.8408415,,,
1/1/25,Hurricane,FL,35.406994,19.355143,27.38107,27.7567667,-81.4639835,154.97996759352986,111.53072456596557,200.5492107
2/1/25,Hurricane,FL,34.622097,19.355143,26.98862,27.7567667,-81.4639835,47.287629330337595,1.8204647717753895,93.20562013740576
3/1/25,Hurricane,FL,33.352932,19.355143,26.354038,27.7567667,-81.4639835,48.31158423844434,4.178904583893361,93.56401153098726
4/1/25,Hurricane,FL,32.527805,19.355143,25.941475,27.7567667,-81.4639835,81.43624057,36.283598969543306,125.65662262258641
5/1/25,Hurricane,FL,38.33088,19.355143,28.84301,27.7567667,-81.4639835,103.43077587508546,59.753842400065096,144.92322129988972
6/1/25,Hurricane,FL,36.698593,19.355143,28.026867,27.7567667,-81.4639835,98.95968999266933,54.241508228750945,141.9698881108822
7/1/25,Hurricane,FL,36.89343,19.355143,28.124287,27.7567667,-81.4639835,41.859179307610376,-3.755311465,85.28639498276911
8/1/25,Hurricane,FL,36.97177,19.355143,28.163456,27.7567667,-81.4639835,46.83774216417448,3.0621549759053113,91.06651909261863
9/1/25,Hurricane,FL,36.845142,26.756205,31.800674,27.7567667,-81.4639835,78.26357622793212,34.12628377976938,117.80101116934225
10/1/25,Hurricane,FL,36.518185,14.349215,25.4337,27.7567667,-81.4639835,47.834465703999065,-1.165112326,95.53619556242164
11/1/25,Hurricane,FL,36.60392,14.349215,25.476566,27.7567667,-81.4639835,22.893350591099335,-22.69495241,63.76967800094756
12/1/25,Hurricane,FL,36.582508,14.349215,25.465862,27.7567667,-81.4639835,,,
1/1/25,Severe Storm,AL,18.147282,3.0701492,10.608715,41.000028,19.9999619,,,
2/1/25,Severe Storm,AL,18.320484,3.0701492,10.695316,41.000028,19.9999619,,,
3/1/25,Severe Storm,AL,16.847235,20.963581,18.905407,41.000028,19.9999619,,,
4/1/25,Severe Storm,AL,14.657713,20.963581,17.810646,41.000028,19.9999619,,,
5/1/25,Severe Storm,AL,14.209426,20.963581,17.586504,41.000028,19.9999619,,,
6/1/25,Severe Storm,AL,13.6113615,20.963581,17.287472,41.000028,19.9999619,,,
7/1/25,Severe Storm,AL,14.250837,20.963581,17.607208,41.000028,19.9999619,,,
8/1/25,Severe Storm,AL,14.875389,20.963581,17.919485,41.000028,19.9999619,,,
9/1/25,Severe Storm,AL,15.196443,20.963581,18.080011,41.000028,19.9999619,,,
10/1/25,Severe Storm,AL,15.140628,20.963581,18.052105,41.000028,19.9999619,,,
11/1/25,Severe Storm,AL,14.99505,20.963581,17.979317,41.000028,19.9999619,,,
12/1/25,Severe Storm,AL,14.784496,20.963581,17.874039,41.000028,19.9999619,,,
1/1/25,Severe Storm,AR,20.878904,19.643803,20.261353,-34.9964963,-64.9672817,18.299149149975392,11.551953420547031,25.201947108195764
2/1/25,Severe Storm,AR,20.993433,19.643803,20.318619,-34.9964963,-64.9672817,33.39088492312722,26.33011429133276,40.14769175667165
3/1/25,Severe Storm,AR,20.330559,43.440605,31.885582,-34.9964963,-64.9672817,36.21987914556699,29.28317666071489,43.455969570061804
4/1/25,Severe Storm,AR,21.139328,12.025476,16.582401,-34.9964963,-64.9672817,14.64018930829836,7.3238566261618105,21.81032222324215
5/1/25,Severe Storm,AR,21.932789,23.194302,22.563545,-34.9964963,-64.9672817,33.054639591967344,25.78164282177485,40.368719951473004
6/1/25,Severe Storm,AR,22.417961,11.007469,16.712715,-34.9964963,-64.9672817,,,
7/1/25,Severe Storm,AR,22.46684,5.1758485,13.821344,-34.9964963,-64.9672817,,,
8/1/25,Severe Storm,AR,22.525558,5.1758485,13.850703,-34.9964963,-64.9672817,,,
9/1/25,Severe Storm,AR,22.623055,6.0236354,14.323345,-34.9964963,-64.9672817,,,
10/1/25,Severe Storm,AR,22.688204,10.995066,16.841635,-34.9964963,-64.9672817,,,
11/1/25,Severe Storm,AR,22.72025,10.995066,16.857658,-34.9964963,-64.9672817,,,
12/1/25,Severe Storm,AR,22.732365,33.71201,28.222187,-34.9964963,-64.9672817,,,
1/1/25,Severe Storm,KS,26.754757,19.831245,23.293001,38.27312,-98.5821872,20.033095432331024,-1.347349537,39.95037365214411
2/1/25,Severe Storm,KS,25.267036,20.4221,22.844568,38.27312,-98.5821872,36.98453128985045,19.47072712,55.566206507261334
3/1/25,Severe Storm,KS,25.74772,18.651115,22.199417,38.27312,-98.5821872,76.80366307601045,56.62516007852723,97.58845658799528
4/1/25,Severe Storm,KS,26.6196,14.370484,20.495043,38.27312,-98.5821872,-2.752604982,-23.38460626,17.634082563941625
5/1/25,Severe Storm,KS,27.373741,14.521154,20.947449,38.27312,-98.5821872,12.388032233657427,-7.608039199,33.03784196317669
6/1/25,Severe Storm,KS,27.921629,21.331402,24.626514,38.27312,-98.5821872,35.84015043405688,15.93393252959039,55.41819615964442
7/1/25,Severe Storm,KS,28.019943,20.818514,24.419228,38.27312,-98.5821872,24.480131815769216,4.174165560690783,43.97514318106115
8/1/25,Severe Storm,KS,28.198511,20.85405,24.52628,38.27312,-98.5821872,19.00842023610364,-1.765647076,37.81853909225973
9/1/25,Severe Storm,KS,28.347204,9.298664,18.822933,38.27312,-98.5821872,9.480857831014863,-10.10575704,29.308130195131454
10/1/25,Severe Storm,KS,28.448456,11.816211,20.132334,38.27312,-98.5821872,,,
11/1/25,Severe Storm,KS,28.511627,2.1752398,15.343433,38.27312,-98.5821872,,,
12/1/25,Severe Storm,KS,28.549168,4.7894573,16.669312,38.27312,-98.5821872,,,
1/1/25,Severe Storm,KY,26.861,23.184769,25.022884,19.703182249999998,-79.91746272,,,
2/1/25,Severe Storm,KY,24.56542,23.184769,23.875095,19.703182249999998,-79.91746272,94.28560208581598,67.55259167705124,121.70602309125704
3/1/25,Severe Storm,KY,26.31354,23.184769,24.749153,19.703182249999998,-79.91746272,56.235026224115124,29.67375545946459,83.19722906397499
4/1/25,Severe Storm,KY,24.699747,55.608814,40.15428,19.703182249999998,-79.91746272,33.42725677684331,6.983462884807966,62.02899572762587
5/1/25,Severe Storm,KY,25.675604,57.213886,41.444744,19.703182249999998,-79.91746272,35.26676264042715,8.02741168,59.90038885818146
6/1/25,Severe Storm,KY,30.688208,56.91926,43.803734,19.703182249999998,-79.91746272,46.79748837836765,18.922175415519938,74.79203269277069
7/1/25,Severe Storm,KY,30.681835,33.598064,32.13995,19.703182249999998,-79.91746272,39.92748685436897,11.572682235903653,67.72989336510832
8/1/25,Severe Storm,KY,30.509912,33.964478,32.237194,19.703182249999998,-79.91746272,23.431065554832077,-4.121013378,52.18949882654815
9/1/25,Severe Storm,KY,30.37636,33.81224,32.0943,19.703182249999998,-79.91746272,18.594185505807157,-9.352651636,45.01140313337512
10/1/25,Severe Storm,KY,30.132215,35.53253,32.832375,19.703182249999998,-79.91746272,38.29533775072947,9.941267490835509,65.24052542743713
11/1/25,Severe Storm,KY,29.914381,35.53253,32.723457,19.703182249999998,-79.91746272,-277.0895145,-304.2054391,-250.9970839
12/1/25,Severe Storm,KY,29.935446,28.683348,29.309397,19.703182249999998,-79.91746272,5.588812895526679,-20.92100869,31.84986906821622
1/1/25,Severe Storm,MO,33.302658,114.50499,73.903824,44.5384728,10.935960870530739,-3.756815289,-30.11456845,21.971248425401367
2/1/25,Severe Storm,MO,33.708374,114.50499,74.10668,44.5384728,10.935960870530739,43.22123193798047,15.744962462005573,68.72894243
3/1/25,Severe Storm,MO,34.392094,62.02907,48.210583,44.5384728,10.935960870530739,68.25269214614116,41.43173936443583,95.35344203617419
4/1/25,Severe Storm,MO,34.75216,38.789314,36.770737,44.5384728,10.935960870530739,93.69125261238983,68.72896231050035,118.56667996500305
5/1/25,Severe Storm,MO,35.268177,40.143997,37.706085,44.5384728,10.935960870530739,40.550614374792644,14.949688214803842,63.43545516133282
6/1/25,Severe Storm,MO,35.63677,38.294132,36.96545,44.5384728,10.935960870530739,55.22312013,29.832763179895913,81.83618839876445
7/1/25,Severe Storm,MO,35.70234,27.989458,31.845898,44.5384728,10.935960870530739,32.413923008322776,5.924462130020209,58.08047871886696
8/1/25,Severe Storm,MO,35.75425,23.077559,29.415905,44.5384728,10.935960870530739,41.75052434482839,15.970066357519926,68.21607783
9/1/25,Severe Storm,MO,35.7884,18.264557,27.026478,44.5384728,10.935960870530739,25.38130244057125,-3.208554485,52.47298286973071
10/1/25,Severe Storm,MO,35.81048,20.021833,27.916157,44.5384728,10.935960870530739,53.98833631086117,29.416311199914464,79.22583465399208
11/1/25,Severe Storm,MO,35.82143,22.037687,28.929558,44.5384728,10.935960870530739,37.31916596378817,10.811071925243928,61.61533210434631
12/1/25,Severe Storm,MO,35.825977,22.791683,29.30883,44.5384728,10.935960870530739,26.50174435,-0.47871904,52.24347643474274
1/1/25,Severe Storm,MS,18.055426,12.549476,15.30245,16.7417041,-62.1916844,-8.216782057,-22.72611107,6.592255789381508
2/1/25,Severe Storm,MS,15.144718,11.094354,13.119535,16.7417041,-62.1916844,26.474054702285578,11.550083664914231,39.808391136963515
3/1/25,Severe Storm,MS,15.5807905,29.149733,22.365261,16.7417041,-62.1916844,19.26576021392148,3.7735032449242216,32.955406638550464
4/1/25,Severe Storm,MS,16.514118,29.149733,22.831924,16.7417041,-62.1916844,12.88197344903446,-0.83249612,28.03701685430046
5/1/25,Severe Storm,MS,14.982638,18.325233,16.653936,16.7417041,-62.1916844,6.095817855441309,-7.803772908,22.102357862854433
6/1/25,Severe Storm,MS,15.975913,18.054863,17.015388,16.7417041,-62.1916844,4.554502275846076,-9.324349223,18.90444789326539
7/1/25,Severe Storm,MS,15.737313,18.054863,16.896088,16.7417041,-62.1916844,,,
8/1/25,Severe Storm,MS,15.7970915,18.054863,16.925978,16.7417041,-62.1916844,,,
9/1/25,Severe Storm,MS,15.816007,18.054863,16.935434,16.7417041,-62.1916844,,,
10/1/25,Severe Storm,MS,15.734116,18.054863,16.89449,16.7417041,-62.1916844,,,
11/1/25,Severe Storm,MS,15.815932,18.054863,16.935398,16.7417041,-62.1916844,,,
12/1/25,Severe Storm,MS,15.796434,27.61667,21.706553,16.7417041,-62.1916844,,,
1/1/25,Severe Storm,NE,20.641768,54.20415,37.42296,17.7356214,9.3238432,1.471464203743233,-13.75597406,18.65838927133344
2/1/25,Severe Storm,NE,19.33858,54.20415,36.771366,17.7356214,9.3238432,50.37016810408641,34.639661897950596,66.37029487808692
3/1/25,Severe Storm,NE,20.711676,54.20415,37.457912,17.7356214,9.3238432,-107.8110488,-123.9110116,-90.53756693
4/1/25,Severe Storm,NE,19.90922,54.20415,37.056686,17.7356214,9.3238432,-215.0788069,-232.0776925,-199.5769522
5/1/25,Severe Storm,NE,19.521427,6.818261,13.169844,17.7356214,9.3238432,24.118014655986556,7.792714978656583,40.402293381111924
6/1/25,Severe Storm,NE,22.228882,10.122267,16.175575,17.7356214,9.3238432,20.15196363511447,4.998399239359421,35.15117640173157
7/1/25,Severe Storm,NE,22.095587,12.605398,17.350492,17.7356214,9.3238432,16.24903524875105,0.10848006609604895,32.46895064470767
8/1/25,Severe Storm,NE,22.279768,19.013105,20.646437,17.7356214,9.3238432,15.185582436955958,-0.440004711,31.53444714019804
9/1/25,Severe Storm,NE,22.25459,19.013105,20.633846,17.7356214,9.3238432,13.932323873998682,-1.492502909,30.988656924822372
10/1/25,Severe Storm,NE,22.484743,18.81077,20.647757,17.7356214,9.3238432,2.2520743670387784,-13.80592952,18.776741290638743
11/1/25,Severe Storm,NE,22.94879,18.81077,20.87978,17.7356214,9.3238432,,,
12/1/25,Severe Storm,NE,22.94845,18.81077,20.87961,17.7356214,9.3238432,,,
1/1/25,Severe Storm,OK,26.940605,3.9695623,15.455084,64.5994621,-20.8788186,27.804406745789432,6.848432485706229,46.022593754723054
2/1/25,Severe Storm,OK,26.874199,11.118751,18.996475,64.5994621,-20.8788186,21.013403448224892,2.096331463774354,41.13618352077374
3/1/25,Severe Storm,OK,26.850628,11.118751,18.98469,64.5994621,-20.8788186,34.73473190061145,14.613023929715476,54.43159861328936
4/1/25,Severe Storm,OK,26.70726,8.938711,17.822987,64.5994621,-20.8788186,10.157655202732672,-10.78727262,31.054528844474383
5/1/25,Severe Storm,OK,26.705101,21.338575,24.02184,64.5994621,-20.8788186,24.13442242341491,4.6364966414220845,43.19221736561893
6/1/25,Severe Storm,OK,26.828995,18.503384,22.66619,64.5994621,-20.8788186,18.729416215527703,-0.400424801,38.020228070548896
7/1/25,Severe Storm,OK,26.82812,17.673063,22.250591,64.5994621,-20.8788186,10.71138562206149,-8.900979577,30.234757483468407
8/1/25,Severe Storm,OK,26.827158,17.767756,22.297457,64.5994621,-20.8788186,,,
9/1/25,Severe Storm,OK,26.826233,3.6442754,15.235254,64.5994621,-20.8788186,,,
10/1/25,Severe Storm,OK,26.826342,2.4079185,14.61713,64.5994621,-20.8788186,,,
11/1/25,Severe Storm,OK,26.826862,2.5710375,14.69895,64.5994621,-20.8788186,,,
12/1/25,Severe Storm,OK,26.82685,2.5710375,14.698944,64.5994621,-20.8788186,,,
1/1/25,Severe Storm,SD,14.090565,66.70102,40.39579,14.5844444,29.4917691,65.31755918,56.005172889234096,74.94396573176498
2/1/25,Severe Storm,SD,14.05854,10.038485,12.048512,14.5844444,29.4917691,17.417949781596825,7.718372111814112,26.809029894194907
3/1/25,Severe Storm,SD,14.26092,46.819424,30.540173,14.5844444,29.4917691,45.26177271241973,35.50156489924655,55.11538747637872
4/1/25,Severe Storm,SD,14.397364,46.819424,30.608395,14.5844444,29.4917691,-35.95354461,-45.84588108,-25.70110813
5/1/25,Severe Storm,SD,14.295997,9.557867,11.926931,14.5844444,29.4917691,6.610507049740723,-2.801694027,16.44085219704856
6/1/25,Severe Storm,SD,14.116948,8.216766,11.166857,14.5844444,29.4917691,13.487592808985726,3.210236147563602,23.543953776325438
7/1/25,Severe Storm,SD,14.114817,13.79132,13.953068,14.5844444,29.4917691,14.747383965156628,4.336819669125062,24.85127308024736
8/1/25,Severe Storm,SD,14.112871,1.2294518,7.6711617,14.5844444,29.4917691,7.884898013387218,-1.672268067,17.998817490133774
9/1/25,Severe Storm,SD,14.114375,13.216602,13.665489,14.5844444,29.4917691,9.076849914681024,-0.340288205,19.354958200470755
10/1/25,Severe Storm,SD,14.118163,13.216602,13.667383,14.5844444,29.4917691,10.612547735868423,0.5254220071698966,20.477593836805774
11/1/25,Severe Storm,SD,14.120653,12.704234,13.412443,14.5844444,29.4917691,8.254498443,-1.714632986,18.143036245977203
12/1/25,Severe Storm,SD,14.120648,14.111248,14.115948,14.5844444,29.4917691,,,
1/1/25,Severe Storm,TN,22.270134,14.75073,18.510431,33.8439408,9.400138,32.46092345045181,17.079933298977277,47.72408047390583
2/1/25,Severe Storm,TN,23.582666,11.477001,17.529835,33.8439408,9.400138,109.47331490796759,94.66197025911171,125.01934322306658
3/1/25,Severe Storm,TN,22.954727,8.988639,15.9716835,33.8439408,9.400138,14.575607497040751,-1.224657656,29.327530537397042
4/1/25,Severe Storm,TN,22.740015,9.278076,16.009045,33.8439408,9.400138,22.46803417,6.970956026987646,37.57528325556711
5/1/25,Severe Storm,TN,22.22212,39.071796,30.646957,33.8439408,9.400138,20.593448442515214,5.599888104046902,37.322014509985934
6/1/25,Severe Storm,TN,21.774801,13.652301,17.71355,33.8439408,9.400138,12.457996103919347,-2.571087647,28.269068410849254
7/1/25,Severe Storm,TN,21.76579,13.8232355,17.794514,33.8439408,9.400138,,,
8/1/25,Severe Storm,TN,21.823866,20.86924,21.346554,33.8439408,9.400138,,,
9/1/25,Severe Storm,TN,21.863222,20.838158,21.350689,33.8439408,9.400138,,,
10/1/25,Severe Storm,TN,21.8991,17.265245,19.582172,33.8439408,9.400138,,,
11/1/25,Severe Storm,TN,21.915066,17.149538,19.532303,33.8439408,9.400138,,,
12/1/25,Severe Storm,TN,21.91127,10.07623,15.99375,33.8439408,9.400138,,,